{"cameraMode":{"drawMode":0,"name":"Shaded","section":"Shading Mode"},"sceneLighting":true,"audioPlay":false,"sceneViewState":{"m_AlwaysRefresh":false,"showFog":true,"showSkybox":true,"showFlares":true,"showImageEffects":true,"showParticleSystems":true,"showVisualEffectGraphs":true,"m_FxEnabled":true},"in2DMode":false,"pivot":{"x":-0.027123913168907167,"y":0.14778190851211549,"z":0.04159824550151825},"rotation":{"x":0.0464327372610569,"y":0.9512748718261719,"z":-0.1790063977241516,"w":0.24675045907497407},"size":0.23851710557937623,"orthographic":true}